Country,Date,Value,School_closures,Workplace_Closures,Cancel_public_events,Restrictions_on_gatherings,Close_public_transport,Stay_at_home_requirements,Restrictions_on_internal_movement,International_travel_controls,Income_support,Debt/contract_relief,Fiscal_measures,International_support,Public_information_campaigns,Testing_policy,Contact_tracing,Emergency_investment_in_health_care,Investment_in_Vaccines,Stringency_Index
Australia,2020-01,5.273261,0.0,0.0,0.0,0.0,0.0,0.0,0.0,0.0,0.0,0.0,0.0,0.0,0.45161290322580644,0.22580645161290322,0.45161290322580644,0.0,0.0,2.508709677419355
Australia,2020-02,5.086473000000001,0.0,0.0,0.0,0.0,0.0,0.0,0.0,3.0,0.0,0.0,0.0,0.0,2.0,1.0,2.0,0.0,0.0,19.440000000000005
Australia,2020-03,5.225147,0.7741935483870968,0.5806451612903226,0.967741935483871,1.3870967741935485,0.0,0.25806451612903225,0.8387096774193549,3.3870967741935485,0.6451612903225806,0.45161290322580644,6590080356.5172415,0.0,2.0,1.0,1.7096774193548387,50623183.741935484,241072.70967741936,38.20032258064516
Australia,2020-04,6.366805,2.566666666666667,2.0,2.0,4.0,0.0,1.9666666666666666,2.0,4.0,1.0,2.0,32366662.466666665,0.0,2.0,1.2666666666666666,1.0,0.0,0.0,71.48066666666668
Australia,2020-05,7.077647,2.0,1.4516129032258065,2.0,4.0,0.45161290322580644,1.3548387096774193,2.0,4.0,1.0,2.0,0.0,5997605.193548387,2.0,3.0,1.0,0.0,0.0,67.35225806451615
Australia,2020-06,7.448942999999999,1.0666666666666667,1.0,1.3666666666666667,3.0,1.0,0.0,2.0,4.0,1.0,2.0,11466666.666666666,204122.13333333333,2.0,3.0,1.4,8933085.366666667,151133.33333333334,53.286666666666655
Australia,2020-07,7.493616,2.3870967741935485,2.0,2.0,3.774193548387097,1.0,2.2580645161290325,2.0,4.0,1.0,2.0,0.0,0.0,2.0,3.0,2.0,0.0,0.0,69.81935483870967
Austria,2020-01,4.4,0.0,0.0,0.0,0.0,0.0,0.0,0.0,0.0,0.0,0.0,0.0,0.0,0.0,0.0,0.0,0.0,0.0,0.0
Austria,2020-02,4.4,0.0,0.0,0.0,0.0,0.0,0.0,0.0,0.0,0.0,0.0,0.0,0.0,0.41379310344827586,1.0,0.1724137931034483,0.0,0.0,2.298620689655172
Austria,2020-03,4.6,1.5483870967741935,1.6774193548387097,1.3548387096774193,2.064516129032258,0.6129032258064516,1.032258064516129,1.2258064516129032,2.225806451612903,0.8387096774193549,1.032258064516129,1472296831.7096775,0.0,2.0,1.2903225806451613,1.064516129032258,0.0,0.0,54.8409677419355
Austria,2020-04,4.7,3.0,2.433333333333333,2.0,4.0,1.0,2.0,1.7333333333333334,3.0,2.0,2.0,397762.9666666667,0.0,2.0,2.0,2.0,0.0,36189.833333333336,82.34633333333332
Austria,2020-05,5.5,1.6451612903225807,2.0,2.0,3.032258064516129,0.3225806451612903,0.0,0.9032258064516129,3.0,2.0,2.0,440812224.1935484,0.0,2.0,2.096774193548387,2.0,0.0,0.0,59.28999999999998
Austria,2020-06,5.4,0.06666666666666667,2.0,2.0,3.0,0.0,0.0,0.0,2.1,2.0,2.0,1866666.6666666667,0.0,2.0,3.0,2.0,0.0,0.0,44.04466666666666
Austria,2020-07,5.2,0.0,1.2903225806451613,1.2903225806451613,2.2903225806451615,0.0,0.0,0.0,2.0,2.0,2.0,0.0,0.0,2.0,3.0,2.0,0.0,0.0,34.97548387096775
Belgium,2020-01,5.1,0.0,0.0,0.0,0.0,0.0,0.0,0.0,0.0,0.0,0.0,0.0,0.0,0.16129032258064516,0.0,0.0,0.0,0.0,0.8964516129032257
Belgium,2020-02,5.0,0.0,0.0,0.0,0.0,0.0,0.0,0.0,0.0,0.0,0.0,0.0,0.0,2.0,0.0,0.27586206896551724,0.0,0.0,11.110000000000008
Belgium,2020-03,5.1,1.1612903225806452,1.6451612903225807,1.2903225806451613,1.8064516129032258,0.0,0.9032258064516129,1.1612903225806452,2.064516129032258,1.6774193548387097,0.8709677419354839,318328789.2258065,0.0,2.0,1.0,1.3870967741935485,34720967.741935484,0.0,49.223225806451616
Belgium,2020-04,5.3,2.0,3.0,2.0,4.0,0.0,2.0,2.0,4.0,2.0,2.0,10666666.666666666,0.0,2.0,1.0,1.0,0.0,180916.66666666666,81.48
Belgium,2020-05,5.4,2.0,2.3225806451612905,2.0,4.0,0.0,2.0,2.0,3.129032258064516,2.0,2.0,0.0,0.0,2.0,1.903225806451613,1.4516129032258065,0.0,709677.4193548387,76.55225806451612
Belgium,2020-06,5.5,2.0,2.0,2.0,3.2333333333333334,0.0,0.4666666666666667,0.4666666666666667,3.0,2.0,2.0,152600000.0,0.0,2.0,2.0,2.0,18833333.333333332,0.0,57.06666666666663
Belgium,2020-07,5.5,1.0,2.096774193548387,2.0,3.096774193548387,0.0,0.1935483870967742,0.12903225806451613,3.0,2.0,1.5483870967741935,2051225.8064516129,0.0,2.0,2.0,2.0,0.0,0.0,49.493870967741934
Canada,2020-01,5.5,0.0,0.0,0.0,0.0,0.0,0.0,0.0,0.3225806451612903,0.0,0.0,0.0,0.0,0.0,0.22580645161290322,1.0,0.0,0.0,0.8967741935483873
Canada,2020-02,5.6,0.0,0.0,0.0,0.0,0.0,0.0,0.0,1.0,0.0,0.0,0.0,0.0,0.0,1.0,1.0,35.0,0.0,2.7800000000000007
Canada,2020-03,7.8,1.5483870967741935,1.3548387096774193,1.2903225806451613,1.8387096774193548,0.0,0.5806451612903226,0.7741935483870968,2.3548387096774195,1.096774193548387,0.45161290322580644,19580645.16129032,0.0,1.3548387096774193,2.161290322580645,1.0,436.80645161290323,6451736.129032258,39.085161290322596
Canada,2020-04,13.0,3.0,3.0,2.0,4.0,0.0,1.0,2.0,4.0,2.0,1.0,35066666.666666664,1000000.0,2.0,3.0,1.0,2360065.033333333,20136087.42,72.87500000000003
Canada,2020-05,13.7,3.0,3.0,2.0,4.0,0.0,1.0,2.0,4.0,2.0,1.0,5769677.419354838,0.0,2.0,3.0,1.0,16200771.505806452,0.0,71.42999999999996
Canada,2020-06,12.3,3.0,2.7,2.0,4.0,0.0,1.0,2.0,4.0,2.0,1.0,475670000.0,0.0,2.0,3.0,1.0,0.0,20000000.0,70.275
Canada,2020-07,10.9,3.0,2.0,2.0,4.0,0.0,1.0,2.0,4.0,2.0,1.0,438705539.0112903,0.0,2.0,3.0,1.032258064516129,0.0,0.0,67.60741935483877
Chile,2020-01,8.095886,0.0,0.0,0.0,0.0,0.0,0.0,0.0,0.0,0.0,0.0,0.0,0.0,0.0,0.0,0.0,9813.032258064517,0.0,0.0
Chile,2020-02,8.170632000000001,0.0,0.0,0.0,0.0,0.0,0.0,0.0,0.0,0.0,0.0,0.0,0.0,0.0,0.0,0.0,0.0,0.0,0.0
Chile,2020-03,9.040819,1.6451612903225807,1.1935483870967742,1.032258064516129,1.2580645161290323,0.0,0.45161290322580644,0.45161290322580644,1.3548387096774193,0.0,0.16129032258064516,330645161.2903226,0.0,1.1612903225806452,0.3870967741935484,0.12903225806451613,56865513.80645161,0.0,32.70645161290322
Chile,2020-04,10.87142,3.0,2.0,2.0,3.0,0.0,2.0,2.0,3.0,0.9666666666666667,1.0,166666666.66666666,0.0,2.0,2.0,2.0,0.0,0.0,73.15000000000005
Chile,2020-05,11.74416,3.0,2.5483870967741935,2.0,3.5483870967741935,0.0,2.5483870967741935,2.0,3.0,1.0,1.0,9354838.709677419,0.0,2.0,2.0,2.0,0.0,0.0,76.5690322580645
Colombia,2020-01,10.594710000000001,0.0,0.0,0.0,0.0,0.0,0.0,0.0,0.0,0.0,0.0,0.0,0.0,0.7096774193548387,0.06451612903225806,0.0,0.0,0.0,2.955806451612903
Colombia,2020-02,10.84331,0.0,0.20689655172413793,0.0,0.0,0.0,0.0,0.0,0.0,0.0,0.0,0.0,0.0,2.0,2.0,0.0,0.0,0.0,9.097586206896553
Colombia,2020-03,12.19545,1.5483870967741935,1.4516129032258065,1.2903225806451613,1.7741935483870968,0.22580645161290322,0.45161290322580644,0.45161290322580644,1.8064516129032258,0.0,0.967741935483871,548387096.7741935,0.0,2.0,2.0,0.1935483870967742,0.0,0.0,43.608387096774194
Colombia,2020-04,20.17478,3.0,2.566666666666667,2.0,3.2333333333333334,1.0,2.0,2.0,4.0,0.8,2.0,247655320.8,0.0,2.0,2.0,1.9333333333333333,0.0,0.0,87.00533333333331
Colombia,2020-05,21.21399,3.0,2.161290322580645,2.0,4.0,1.0,2.0,2.0,4.0,1.0,2.0,20672853.677419353,0.0,2.0,2.0,2.0,198480054.77419356,0.0,87.63677419354836
Colombia,2020-06,20.82111,3.0,2.0,2.0,4.0,1.0,2.0,2.0,4.0,1.0,2.0,0.0,0.0,2.0,2.0,2.0,0.0,0.0,87.03999999999998
Colombia,2020-07,19.7451,3.0,2.5806451612903225,2.0,4.0,1.0,2.0,2.0,4.0,1.0,2.0,0.0,0.0,2.0,2.0,2.0,0.0,0.0,87.03999999999998
Czech Republic,2020-01,2.0,0.0,0.0,0.0,0.0,0.0,0.0,0.0,0.2903225806451613,0.0,0.0,0.0,0.0,0.41935483870967744,0.0,0.0,0.0,0.0,2.688709677419355
Czech Republic,2020-02,2.0,0.0,0.0,0.0,0.0,0.0,0.0,0.0,3.0,0.0,0.0,0.0,8902.620689655172,2.0,0.0,0.0,0.0,0.0,16.861034482758633
Czech Republic,2020-03,2.1,2.032258064516129,1.8064516129032258,1.3548387096774193,2.3548387096774195,0.0,1.096774193548387,1.032258064516129,3.5161290322580645,0.06451612903225806,0.8387096774193549,130752044.78741935,0.0,2.0,0.9032258064516129,2.0,3922561.3435483873,0.0,57.52645161290325
Czech Republic,2020-04,2.2,2.6333333333333333,2.6333333333333333,2.0,3.8666666666666667,0.0,1.6666666666666667,0.06666666666666667,3.433333333333333,2.0,2.0,0.0,33757.895333333334,2.0,2.0,2.0,0.0,0.0,68.45733333333332
Czech Republic,2020-05,2.4,2.0,1.7741935483870968,1.7741935483870968,2.774193548387097,0.0,1.0,0.0,3.0,2.0,2.0,8100472.9677419355,0.0,2.0,2.0,2.0,0.0,0.0,54.69129032258063
Czech Republic,2020-06,2.7,1.6666666666666667,1.0,1.0,1.7,0.0,0.0,0.03333333333333333,3.0,2.0,1.2666666666666666,0.0,0.0,2.0,2.0,2.0,0.0,0.0,39.58700000000001
Czech Republic,2020-07,2.7,1.0,1.0,1.0,1.3870967741935485,0.0,0.0,1.0,3.0,2.0,1.0,0.0,0.0,2.0,2.0,2.0,0.0,0.0,36.020322580645164
Germany,2020-01,3.4,0.0,0.0,0.0,0.0,0.0,0.0,0.0,0.0,0.0,0.0,0.0,0.0,0.25806451612903225,0.16129032258064516,0.6451612903225806,0.0,0.0,1.4348387096774196
Germany,2020-02,3.6,0.27586206896551724,0.0,0.034482758620689655,0.0,0.0,0.0,0.0,0.06896551724137931,0.0,0.0,0.0,0.0,1.6206896551724137,1.0,2.0,0.0,276218.5172413793,10.154482758620695
Germany,2020-03,3.8,2.5161290322580645,0.6451612903225806,1.7096774193548387,1.7741935483870968,0.0,1.096774193548387,0.8709677419354839,2.4838709677419355,1.032258064516129,0.0,2207837086.2164516,0.0,2.0,1.0,1.5483870967741935,2132184638.7096775,5048736.29032258,48.77451612903224
Germany,2020-04,4.0,3.0,2.0,2.0,4.0,0.0,2.0,2.0,4.0,2.0,1.0,0.0,0.0,2.0,1.1333333333333333,1.0,1808983.7,0.0,76.84999999999995
Germany,2020-05,4.2,2.096774193548387,2.0,2.0,4.0,0.0,0.3225806451612903,2.0,3.4838709677419355,2.0,1.0,0.0,65258064.51612903,2.0,3.0,1.0,0.0,45233333.333333336,63.84193548387098
Germany,2020-06,4.3,2.433333333333333,2.0,2.0,4.0,0.0,0.0,2.0,3.0,2.0,1.0,4666666666.666667,58000000.0,2.0,3.0,1.5333333333333334,0.0003333333333333333,11333333.333333334,61.3276666666667
Germany,2020-07,4.4,1.3870967741935485,2.0,2.0,3.225806451612903,0.0,0.0,2.0,3.0,2.0,0.0,0.0,0.0,2.0,3.0,2.0,0.0,0.0,56.79387096774191
Denmark,2020-01,4.9,0.0,0.0,0.0,0.0,0.0,0.0,0.0,0.0,0.0,0.0,0.0,0.0,0.0,0.0,0.0,0.0,0.0,0.0
Denmark,2020-02,4.9,0.0,0.0,0.0,0.0,0.0,0.0,0.0,0.0,0.0,0.0,0.0,0.0,0.20689655172413793,0.0,0.10344827586206896,0.0,0.0,1.149310344827586
Denmark,2020-03,4.8,1.8387096774193548,1.1290322580645162,0.8387096774193549,2.2903225806451615,0.7096774193548387,0.9354838709677419,0.6129032258064516,3.129032258064516,1.4838709677419355,0.0,1392862795.07,0.0,2.0,0.6774193548387096,1.0,0.0,0.0,52.62741935483872
Denmark,2020-04,4.9,2.466666666666667,2.0,1.0,4.0,1.0,1.0,1.0,4.0,2.0,0.8666666666666667,72530.0,3188888.5,2.0,1.3666666666666667,1.2666666666666666,3190578.4,0.0,70.24666666666667
Denmark,2020-05,5.5,2.0,2.0,1.0,3.225806451612903,1.0,1.0,1.0,3.774193548387097,2.0,2.0,103840963.03225806,0.0,2.0,2.6451612903225805,2.0,0.0,0.0,65.74000000000001
Denmark,2020-06,6.0,2.0,2.0,1.0,3.0,1.0,1.0,1.0,3.0,2.0,2.0,0.0,0.0,2.0,3.0,2.0,0.0,0.0,62.96000000000002
Denmark,2020-07,6.0,2.0,2.0,1.0,2.225806451612903,1.0,1.0,1.0,3.0,2.0,2.0,0.0,0.0,2.0,3.0,2.0,0.0,0.0,60.815483870967775
Spain,2020-01,13.8,0.0,0.0,0.0,0.0,0.0,0.0,0.0,0.0,0.0,2.0,0.0,0.0,0.06451612903225806,0.25806451612903225,0.06451612903225806,0.0,7966.4838709677415,0.3583870967741935
Spain,2020-02,13.6,0.0,0.0,0.0,0.0,0.0,0.0,0.0,0.0,0.0,2.0,0.0,0.0,2.0,1.0,1.793103448275862,0.0,0.0,11.110000000000008
Spain,2020-03,14.5,2.225806451612903,1.3870967741935485,1.4193548387096775,0.9032258064516129,0.5806451612903226,1.1612903225806452,0.7419354838709677,2.6129032258064515,0.9032258064516129,2.0,0.0,0.0,2.0,1.0,1.0,135913251.61290324,849758.7096774194,51.73225806451613
Spain,2020-04,15.3,3.0,3.0,2.0,4.0,1.0,2.0,1.0,4.0,2.0,2.0,0.0,0.0,2.0,1.2,1.0,5998.475,0.0,85.19000000000004
Spain,2020-05,15.4,2.806451612903226,2.6774193548387095,2.0,4.0,1.0,1.8387096774193548,1.0,4.0,1.7741935483870968,2.0,0.0,0.0,2.0,1.6129032258064515,1.0,0.0,0.0,78.58387096774194
Spain,2020-06,15.8,2.0,0.9,2.0,2.6666666666666665,0.23333333333333334,0.6666666666666666,0.6666666666666666,3.6666666666666665,2.0,2.0,0.0,0.0,2.0,2.0,1.0,0.0,0.0,53.550666666666636
Spain,2020-07,15.8,2.0,1.096774193548387,2.0,3.806451612903226,0.0,1.4516129032258065,1.8064516129032258,3.0,2.0,2.0,0.0,0.0,2.0,2.0,1.0,0.0,0.0,58.644838709677394
Estonia,2020-01,4.7,0.0,0.0,0.0,0.0,0.0,0.0,0.0,0.0,0.0,0.0,0.0,0.0,0.0,0.0,0.0,0.0,0.0,0.0
Estonia,2020-02,4.7,0.0,0.0,0.0,0.0,0.0,0.0,0.0,0.0,0.0,0.0,0.0,0.0,0.0,0.0,0.0,0.0,0.0,0.0
Estonia,2020-03,4.8,1.5483870967741935,0.4838709677419355,1.2903225806451613,0.9032258064516129,0.0,0.1935483870967742,1.1612903225806452,1.6129032258064515,0.0,0.6129032258064516,69677433.35483871,0.0,1.2903225806451613,0.6451612903225806,0.0,0.0,0.0,34.22903225806452
Estonia,2020-04,6.0,3.0,3.0,2.0,4.0,0.0,2.0,2.0,2.8666666666666667,0.0,1.1333333333333333,20232843.2,11033.333333333334,2.0,1.7666666666666666,0.0,10864.966666666667,0.0,77.40933333333332
Estonia,2020-05,7.0,1.903225806451613,2.3225806451612905,2.0,4.0,0.0,1.096774193548387,0.45161290322580644,2.0,0.0,2.0,8056284.096774193,0.0,2.0,2.0,0.0,0.0,0.0,59.468709677419355
Estonia,2020-06,8.0,0.0,1.7333333333333334,0.8666666666666667,3.0,0.0,0.0,0.0,2.0,0.0,2.0,0.0,0.0,2.0,2.0,0.0,0.0,0.0,36.23200000000001
Finland,2020-01,6.8,0.0,0.0,0.0,0.0,0.0,0.0,0.0,0.0,0.0,0.0,0.0,0.0,0.16129032258064516,0.0,0.0,0.0,0.0,0.896774193548387
Finland,2020-02,6.9,0.0,0.0,0.0,0.0,0.0,0.0,0.0,2.4827586206896552,0.0,0.0,0.0,0.0,1.103448275862069,0.13793103448275862,0.06896551724137931,0.0,0.0,13.027931034482753
Finland,2020-03,7.0,1.032258064516129,1.1612903225806452,1.2903225806451613,0.0,0.0,0.5161290322580645,0.6451612903225806,3.4193548387096775,1.032258064516129,0.0,18500.241379310344,0.0,2.0,1.0,1.0,0.0,178833.16129032258,41.03935483870968
Finland,2020-04,7.2,2.0,2.0,2.0,0.0,0.0,1.0,1.4666666666666666,4.0,2.0,0.0,0.0,200390.0,2.0,1.0,1.0,0.0,0.0,58.707333333333374
Finland,2020-05,7.4,1.4193548387096775,2.0,2.0,0.0,0.0,1.0,0.9032258064516129,3.4193548387096775,2.0,0.0,0.0,0.0,2.0,1.0,1.0,0.0,0.0,53.10935483870966
Finland,2020-06,7.6,1.0,1.4666666666666666,1.4666666666666666,0.0,0.0,0.0,0.0,2.5,2.0,0.8666666666666667,14700000.0,0.0,2.0,1.0,1.0,0.0,0.0,35.34133333333334
Finland,2020-07,7.8,1.0,1.0,1.2580645161290323,1.4838709677419355,0.0,0.0,0.0,2.7419354838709675,2.0,1.0,0.0,0.0,2.0,1.7419354838709677,1.0,3644733.382903226,0.0,37.24516129032259
France,2020-01,8.0,0.0,0.0,0.0,0.0,0.0,0.0,0.0,0.3225806451612903,0.0,0.0,0.0,0.0,0.5161290322580645,0.0,0.0,0.0,0.0,3.0464516129032257
France,2020-02,7.7,0.0,0.0,0.06896551724137931,0.13793103448275862,0.0,0.0,0.0,2.0,0.0,0.0,0.0,0.0,2.0,0.3448275862068966,0.13793103448275862,0.0,0.0,15.087586206896548
France,2020-03,7.5,2.903225806451613,1.4516129032258065,2.0,4.0,0.5161290322580645,0.967741935483871,1.064516129032258,2.4838709677419355,1.032258064516129,1.032258064516129,1573184032.2580645,0.0,2.0,1.5161290322580645,1.0,142239870.96774194,1770330.4516129033,67.17290322580645
France,2020-04,7.8,3.0,3.0,2.0,4.0,1.0,2.0,2.0,3.0,2.0,2.0,23642530750.933334,43725148.5,2.0,1.0,1.0,36032.363666666664,0.0,87.96000000000002
France,2020-05,6.9,2.3225806451612905,2.3225806451612905,2.0,4.0,1.0,1.3225806451612903,2.0,3.0,2.0,1.8064516129032258,387646423.9032258,0.0,2.0,1.6774193548387097,1.6774193548387097,0.0,17577790.322580647,80.07580645161288
France,2020-06,6.6,1.4,1.7,2.0,4.0,0.7,1.0,1.7,3.0,2.0,1.0,0.0,0.0,2.0,2.0,2.0,0.0,0.0,66.20166666666665
France,2020-07,6.9,0.0,1.0,2.0,4.0,0.0,1.0,1.0,0.5806451612903226,2.0,1.0,0.0,0.0,2.0,2.0,2.0,0.0,0.0,45.132258064516115
United Kingdom,2020-01,3.9,0.0,0.0,0.0,0.0,0.0,0.0,0.0,0.0,0.0,0.0,0.0,0.0,0.0,0.3870967741935484,0.06451612903225806,0.0,0.0,0.0
United Kingdom,2020-02,3.9,0.0,0.0,0.0,0.0,0.0,0.0,0.0,0.0,0.0,0.0,0.0,0.0,1.9310344827586208,1.0,2.0,0.0,897044.4075862069,10.726896551724145
United Kingdom,2020-03,3.8,0.8709677419354839,0.8709677419354839,0.8387096774193549,1.1612903225806452,0.1935483870967742,0.5806451612903226,0.6129032258064516,0.0,0.7741935483870968,0.9032258064516129,16003610830.258709,5914838.70967742,2.0,1.0,0.7096774193548387,207892377.8383871,9148402.298709678,32.07903225806453
United Kingdom,2020-04,3.9,3.0,2.0,2.0,4.0,1.0,2.0,2.0,0.0,2.0,2.0,161166666.66666666,0.0,2.0,1.0,0.0,0.0,0.0,75.93000000000002
United Kingdom,2020-05,3.8,3.0,2.0,2.0,4.0,1.0,1.3870967741935485,2.0,0.0,2.0,2.0,12168974.64516129,790322.5806451613,2.0,1.4516129032258065,0.16129032258064516,0.0,0.0,71.95225806451617
Greece,2020-01,16.2,0.0,0.0,0.0,0.0,0.0,0.0,0.0,0.0,0.0,0.0,0.0,0.0,0.0,0.0,0.0,0.0,0.0,0.0
Greece,2020-02,15.9,0.0,0.0,0.06896551724137931,0.0,0.0,0.0,0.0,0.0,0.0,0.0,0.0,0.0,0.3448275862068966,0.0,0.0,0.0,0.0,2.202758620689655
Greece,2020-03,14.5,2.6129032258064515,1.2903225806451613,2.0,1.8064516129032258,0.5806451612903226,0.5806451612903226,0.7096774193548387,1.7419354838709677,0.45161290322580644,0.22580645161290322,236072458.06451613,0.0,2.0,0.0,0.0,0.0,0.0,54.65806451612903
Greece,2020-04,15.7,3.0,2.0,2.0,4.0,1.0,2.0,2.0,3.0,1.0,1.0,0.0,0.0,2.0,1.5333333333333334,0.0,0.0,0.0,84.26000000000003
Greece,2020-05,17.0,2.3225806451612905,1.1290322580645162,2.0,3.129032258064516,1.0,1.935483870967742,1.935483870967742,3.0,1.0,1.0,0.0,0.0,2.0,2.0,0.12903225806451613,86484.0,104596.93548387097,70.75935483870968
Hungary,2020-01,3.4,0.0,0.0,0.0,0.0,0.0,0.0,0.0,0.0,0.0,0.0,0.0,0.0,0.0,0.0,0.25806451612903225,0.0,0.0,0.0
Hungary,2020-02,3.6,0.0,0.0,0.0,0.0,0.0,0.0,0.0,0.0,0.0,0.0,0.0,0.0,0.06896551724137931,0.06896551724137931,2.0,0.0,0.0,0.3834482758620689
Hungary,2020-03,3.7,2.032258064516129,1.032258064516129,1.3548387096774193,0.6774193548387096,0.5161290322580645,0.8064516129032258,0.8064516129032258,2.7419354838709675,0.0,0.9032258064516129,0.0,0.0,2.0,1.0,2.0,22429530.48387097,0.0,48.86290322580644
Hungary,2020-04,4.1,3.0,2.0,2.0,1.0,1.0,2.0,2.0,4.0,1.0,2.0,1133333333.3333333,0.0,2.0,1.0,2.0,0.0,0.0,76.84999999999995
Hungary,2020-05,4.8,2.096774193548387,2.0,2.0,1.0,1.0,1.5483870967741935,1.096774193548387,3.096774193548387,2.0,2.0,0.0,0.0,2.0,1.0,2.0,0.0,0.0,64.30419354838712
Hungary,2020-06,4.9,1.6,1.6,1.6,1.4,1.0,1.0,1.0,3.0,2.0,2.0,0.0,0.0,2.0,1.0,2.0,0.0,0.0,58.888
Ireland,2020-01,4.9,0.0,0.0,0.0,0.0,0.0,0.0,0.0,0.0,0.0,0.0,0.0,0.0,0.0,0.0,0.0,0.0,0.0,0.0
Ireland,2020-02,4.8,0.0,0.0,0.0,0.0,0.0,0.0,0.0,0.0,0.0,0.0,0.0,0.0,0.9310344827586207,0.3448275862068966,0.1724137931034483,0.0,0.0,5.176206896551725
Ireland,2020-03,5.2,1.8387096774193548,0.967741935483871,1.2903225806451613,2.3870967741935485,0.3225806451612903,0.3225806451612903,0.3225806451612903,0.0,0.8064516129032258,0.5161290322580645,223357908.6451613,0.0,2.0,1.7419354838709677,1.0,53771321.80645161,0.0,40.08451612903225
Ireland,2020-04,5.0,3.0,3.0,2.0,4.0,2.0,2.0,2.0,1.6666666666666667,2.0,2.0,91405.91666666667,414266.6666666667,2.0,1.0,1.0,583207.4666666667,0.0,89.81499999999996
Ireland,2020-05,5.0,3.0,2.5483870967741935,2.0,4.0,2.0,1.5483870967741935,2.0,2.0,2.0,2.0,210225806.4516129,0.0,2.0,1.4516129032258065,1.0,0.0,633352.0645161291,87.39354838709674
Ireland,2020-06,4.6,2.8333333333333335,1.8333333333333333,1.6666666666666667,3.6666666666666665,0.43333333333333335,0.8333333333333334,1.6666666666666667,2.0,2.0,2.0,5439192.025,0.0,2.0,1.3,1.8666666666666667,0.0,0.0,68.14633333333337
Ireland,2020-07,5.0,2.0,1.0,0.0,2.0,1.0,0.0,0.0,2.0,2.0,2.0,0.0,0.0,2.0,2.0,2.0,0.0,0.0,38.89000000000001
Iceland,2020-01,3.8,0.0,0.0,0.0,0.0,0.0,0.0,0.0,0.1935483870967742,0.0,0.0,0.0,0.0,0.5806451612903226,0.0,0.0,0.0,0.0,3.315161290322581
Iceland,2020-02,3.9,0.0,0.0,0.0,0.0,0.0,0.0,0.0,2.0,0.0,0.0,0.0,0.0,2.0,0.0,0.0,0.0,0.0,16.670000000000012
Iceland,2020-03,3.5,1.032258064516129,1.032258064516129,1.032258064516129,1.6451612903225807,0.0,0.0,0.0,2.3870967741935485,0.7096774193548387,1.4193548387096775,51612903.22580645,0.0,2.0,2.096774193548387,1.4838709677419355,0.0,0.0,35.6935483870968
Iceland,2020-04,3.9,2.0,2.0,2.0,3.0,0.0,0.0,0.0,3.0,2.0,2.0,96138.0,0.0,2.0,3.0,2.0,0.0,0.0,53.70000000000003
Iceland,2020-05,4.5,0.1935483870967742,1.5483870967741935,2.0,2.774193548387097,0.0,0.0,0.0,3.0,2.0,2.0,18709677.419354837,0.0,2.0,3.0,2.0,0.0,0.0,44.71516129032255
Iceland,2020-06,4.5,0.0,0.0,2.0,2.0,0.0,0.0,0.0,2.466666666666667,2.0,2.0,0.0,0.0,2.0,3.0,2.0,0.0,0.0,34.627333333333354
Iceland,2020-07,5.0,0.0,0.03225806451612903,2.0,2.032258064516129,0.0,0.0,0.0,2.0,2.0,2.0,0.0,0.0,2.0,3.0,2.0,0.0,0.0,33.53903225806453
Israel,2020-01,3.6268620000000005,0.0,0.0,0.0,0.0,0.0,0.0,0.0,0.0,0.0,0.0,0.0,0.0,0.16129032258064516,0.2903225806451613,0.0,0.0,0.0,0.4483870967741935
Israel,2020-02,3.4356660000000003,0.0,0.0,0.0,0.0,0.0,0.0,0.0,2.896551724137931,0.0,0.0,0.0,0.0,1.7241379310344827,1.0,0.0,0.0,0.9655172413793104,17.525862068965516
Israel,2020-03,3.582504,1.8387096774193548,1.096774193548387,1.8064516129032258,2.7419354838709675,0.5161290322580645,0.8709677419354839,0.4838709677419355,3.6451612903225805,0.06666666666666667,1.2903225806451613,726707606.451613,0.0,2.0,1.0,1.1290322580645162,99408903.22580644,0.4838709677419355,58.54096774193548
Israel,2020-04,3.678443,3.0,2.8333333333333335,2.0,4.0,1.0,2.3666666666666667,1.9333333333333333,4.0,2.0,2.0,113161041.33333333,0.0,2.0,1.0,2.0,0.0,0.0,89.35100000000004
Israel,2020-05,4.2652779999999995,2.064516129032258,2.0,2.0,2.7419354838709675,1.0,2.0,2.0,4.0,2.0,2.0,0.0,0.0,2.0,1.0,2.0,0.0,1935483.8709677418,77.30129032258064
Israel,2020-06,4.557169999999999,1.9666666666666666,2.0,2.0,2.0,1.0,2.0,2.0,4.0,2.0,2.0,19366666.666666668,0.0,2.0,1.0,1.4,0.0,0.0,74.81466666666667
Israel,2020-07,4.607702,1.0,1.3870967741935485,2.0,2.838709677419355,1.0,1.096774193548387,1.096774193548387,4.0,2.0,2.0,0.0,0.0,2.0,1.0,1.1290322580645162,32897741.93548387,0.0,62.93258064516132
Italy,2020-01,9.6,0.0,0.0,0.0,0.0,0.0,0.0,0.0,0.41935483870967744,0.0,0.0,0.0,0.0,0.06451612903225806,0.03225806451612903,0.06451612903225806,0.0,0.0,1.5235483870967743
Italy,2020-02,9.4,0.7241379310344828,0.8275862068965517,0.4827586206896552,0.9655172413793104,0.0,0.4827586206896552,0.6206896551724138,3.0,0.0,0.0,3448275.8620689656,0.0,2.0,1.1379310344827587,2.0,0.0,0.0,32.51689655172414
Italy,2020-03,8.5,3.0,3.0,2.0,4.0,0.6774193548387096,2.3870967741935485,2.0,3.0,0.4838709677419355,0.4838709677419355,493048387.0967742,0.0,2.0,2.0,2.0,114967741.93548387,0.0,84.06870967741939
Italy,2020-04,7.3,3.0,3.0,2.0,4.0,1.6333333333333333,2.3,2.0,3.0,1.0,1.0,15088544793.533333,0.0,2.0,2.0,2.0,10874000.0,0.0,92.59433333333332
Italy,2020-05,8.5,3.0,1.7096774193548387,2.0,2.193548387096774,0.1935483870967742,1.096774193548387,1.5483870967741935,2.5483870967741935,1.0,1.0,1922580645.1612904,0.0,2.0,2.0,2.0,112903225.80645162,0.0,66.57677419354843
Italy,2020-06,9.3,3.0,2.0,2.0,1.0666666666666667,0.0,1.0,0.06666666666666667,1.5333333333333334,1.0,1.9666666666666666,0.0,0.0,2.0,2.0,2.0,0.0,0.0,52.038333333333306
Italy,2020-07,9.7,3.0,1.8387096774193548,2.0,2.0,0.0,0.8387096774193549,0.0,2.5806451612903225,1.0,2.0,7653940.104516129,0.0,2.0,2.0,2.0,0.0,0.0,55.973225806451616
Japan,2020-01,2.4,0.0,0.0,0.0,0.0,0.0,0.0,0.0,0.8064516129032258,0.0,0.0,0.0,0.0,0.0,0.5483870967741935,0.5483870967741935,0.0,0.0,2.2419354838709684
Japan,2020-02,2.4,0.0,0.1724137931034483,0.3448275862068966,0.0,0.0,0.0,0.1724137931034483,3.0,0.0,0.0,2825842.620689655,0.0,1.793103448275862,1.0,1.0,2087270.1379310344,0.0,21.804482758620686
Japan,2020-03,2.5,2.903225806451613,1.0,1.0,0.0,0.0,0.0,1.0,2.2580645161290325,0.0,1.032258064516129,118881110.16129032,0.0,2.0,1.0,1.0,15116750.258064516,0.0,41.15870967741936
Japan,2020-04,2.6,3.0,1.0,1.0,0.0,0.0,0.8,1.0,2.933333333333333,0.5,2.0,33028766666.666668,27898702139.708668,2.0,1.0,1.0,560033333.3333334,0.0,45.73966666666668
Japan,2020-05,2.9,3.0,0.7741935483870968,1.0,0.0,0.0,0.7741935483870968,1.0,3.0,1.0,2.0,15847000.0,90322580.64516129,2.0,1.0,1.0,0.0,0.0,41.90451612903227
Japan,2020-06,2.8,1.0,0.0,1.0,0.0,0.0,0.0,0.6666666666666666,3.0,1.0,2.0,0.0,251380.0,2.0,1.5333333333333334,1.0,0.0,10000000.0,25.923333333333357
Japan,2020-07,2.9,1.0,0.1935483870967742,1.0,0.0,0.0,0.2903225806451613,0.2903225806451613,3.0,1.0,2.0,0.0,15245715.032258065,2.0,2.0,1.0,0.0,3419354.8387096776,26.132258064516126
South Korea,2020-01,4.0,0.0,0.0,0.03225806451612903,0.0,0.0,0.0,0.0,0.0,0.0,0.0,0.0,0.0,0.0,0.3548387096774194,0.0967741935483871,570967.7419354839,0.0,0.08967741935483871
South Korea,2020-02,3.3,2.689655172413793,0.20689655172413793,1.3103448275862069,0.6206896551724138,0.0,0.2413793103448276,0.2413793103448276,2.689655172413793,0.0,0.0,12275862.068965517,0.0,2.0,2.586206896551724,1.6551724137931034,0.0,0.0,36.1751724137931
South Korea,2020-03,3.8,3.0,1.3225806451612903,2.0,2.3225806451612905,0.0,1.3548387096774193,1.3548387096774193,3.0,0.06451612903225806,0.4838709677419355,3157087451.580645,0.0,2.0,3.0,2.0,0.0,0.0,62.57870967741936
South Korea,2020-04,3.8,3.0,2.466666666666667,1.6333333333333333,2.433333333333333,0.0,1.2,1.2,3.0,1.0,1.0,4042884200.726,120000.0,2.0,3.0,2.0,0.0,5803333.333333333,66.63766666666668
South Korea,2020-05,4.5,2.7096774193548385,2.0,1.096774193548387,0.3870967741935484,0.0,0.0967741935483871,0.0967741935483871,3.0,1.0,1.0,0.0,1709677.4193548388,2.0,3.0,2.0,0.0,0.0,43.74161290322579
South Korea,2020-06,4.3,3.0,2.0,2.0,4.0,0.0,1.0,1.0,3.0,1.0,1.0,1346666666.6666667,166666.66666666666,2.0,3.0,2.0,0.0,0.0,56.94000000000004
South Korea,2020-07,4.2,3.0,2.0,1.3225806451612903,4.0,0.0,1.0,1.0,2.096774193548387,1.0,1.0,0.0,0.0,2.0,3.0,2.0,116690297.51612903,3002277.064516129,50.73129032258062
Lithuania,2020-01,6.1,0.0,0.0,0.0,0.0,0.0,0.0,0.0,0.0,0.0,0.0,0.0,0.0,0.0,0.0967741935483871,0.0,0.0,0.0,0.0
Lithuania,2020-02,6.3,0.0,0.0,0.0,0.0,0.0,0.0,0.0,0.0,0.0,0.0,0.0,3172.689655172414,0.20689655172413793,1.0,0.0,0.0,0.0,1.149655172413793
Lithuania,2020-03,6.6,1.8387096774193548,1.5483870967741935,1.2903225806451613,2.4516129032258065,0.5161290322580645,0.5161290322580645,0.5161290322580645,2.2580645161290325,0.0,0.4838709677419355,72404354.83870968,0.0,2.0,1.064516129032258,0.0,17768790.322580647,0.0,51.55193548387097
Lithuania,2020-04,7.8,3.0,2.8666666666666667,2.0,4.0,1.0,1.0,1.1333333333333333,4.0,1.6,1.0,0.0,3049.366666666667,2.0,2.0,1.6,0.0,0.0,81.72800000000004
Lithuania,2020-05,8.5,2.4193548387096775,2.0,2.0,4.0,1.0,1.0,1.0,3.3225806451612905,2.0,1.0,0.0,2938.1290322580644,2.0,2.0,2.0,0.0,0.0,73.74774193548384
Lithuania,2020-06,8.8,0.0,1.0666666666666667,0.5333333333333333,2.0,1.0,0.5333333333333333,0.5333333333333333,2.933333333333333,2.0,1.0,82562700.0,1954.5689655172414,2.0,2.0,2.0,0.0,0.0,42.2253333333333
Lithuania,2020-07,9.0,0.0,0.0,0.0,2.161290322580645,1.0,0.0,0.0,2.0,2.0,1.0,0.0,0.0,2.0,2.0,2.0,0.0,0.0,28.228387096774174
Luxembourg,2020-01,5.7,0.0,0.0,0.0,0.0,0.0,0.0,0.0,0.0,0.0,0.0,0.0,0.0,0.0,0.0,0.0,0.0,0.0,0.0
Luxembourg,2020-02,5.8,0.0,0.0,0.0,0.0,0.0,0.0,0.0,0.0,0.0,0.0,0.0,7603.689655172414,0.0,0.0,0.0,0.0,0.0,0.0
Luxembourg,2020-03,6.5,1.5483870967741935,1.6774193548387097,1.3548387096774193,2.7096774193548385,0.6451612903225806,0.967741935483871,1.096774193548387,0.0,0.967741935483871,0.967741935483871,322200146.8064516,0.0,1.7419354838709677,1.3548387096774193,2.0,0.0,0.0,49.93967741935486
Luxembourg,2020-04,7.5,3.0,3.0,2.0,4.0,1.0,1.6333333333333333,1.6333333333333333,0.0,2.0,2.0,0.0,0.0,2.0,1.0,2.0,1097604.8666666667,0.0,76.23466666666666
Luxembourg,2020-05,7.7,1.8709677419354838,1.6451612903225807,1.7741935483870968,3.3225806451612905,1.0,1.0,1.0,0.0,2.0,2.0,24608364.51612903,0.0,2.0,2.3548387096774195,2.0,0.0,0.0,58.0341935483871
Luxembourg,2020-06,7.7,0.0,1.0,1.0,2.5,0.3333333333333333,1.0,0.8333333333333334,0.0,2.0,2.0,188647.66666666666,0.0,2.0,3.0,2.0,0.0,0.0,37.498333333333335
Luxembourg,2020-07,7.3,0.0,0.4838709677419355,0.4838709677419355,1.3870967741935485,0.0,0.4838709677419355,0.0,0.0,2.0,2.0,0.0,0.0,2.0,3.0,2.0,0.0,0.0,21.23290322580646
Latvia,2020-01,7.0,0.0,0.0,0.0,0.0,0.0,0.0,0.0,0.0,0.0,0.0,0.0,0.0,0.03225806451612903,0.0967741935483871,0.0,0.0,0.0,0.08967741935483871
Latvia,2020-02,7.0,0.0,0.0,0.0,0.0,0.0,0.0,0.0,0.20689655172413793,0.0,0.0,0.0,0.0,1.0,1.0,0.0,0.0,0.0,3.354137931034483
Latvia,2020-03,7.2,1.2258064516129032,0.8709677419354839,1.2258064516129032,1.8064516129032258,0.16129032258064516,0.6129032258064516,0.0,2.967741935483871,1.1612903225806452,0.8387096774193549,72293361.99774192,0.0,1.6129032258064515,1.0,0.45161290322580644,61011.354838709674,0.0,39.06741935483871
Latvia,2020-04,8.2,2.0,2.0,2.0,3.0,1.0,1.0,0.0,4.0,2.0,2.0,19097083.333333332,0.0,2.0,1.0,1.0,268040.63333333336,0.0,65.74
Latvia,2020-05,8.7,2.0,2.0,1.3548387096774193,3.0,1.0,1.0,0.0,3.4516129032258065,0.9032258064516129,2.0,0.0,0.0,2.0,1.0,1.1612903225806452,0.0,0.0,60.63483870967746
Latvia,2020-06,8.9,2.0,2.0,1.0,2.3,0.3,1.0,0.0,2.3,0.0,2.0,0.0,0.0,2.0,2.4,2.0,0.0,0.0,49.63299999999996
Latvia,2020-07,9.0,2.0,2.0,1.0,2.0,0.0,1.0,0.0,2.0,0.0,2.0,0.0,0.0,2.0,3.0,2.0,0.0,0.0,46.299999999999976
Mexico,2020-01,3.6281199999999996,0.0,0.0,0.0,0.0,0.0,0.0,0.0,0.0,0.0,0.0,0.0,0.0,0.0,0.0,0.0,0.0,0.0,0.0
Mexico,2020-02,3.6099349999999997,0.0,0.0,0.0,0.0,0.0,0.0,0.0,0.06896551724137931,0.0,0.0,0.0,0.0,0.0,0.0,0.06896551724137931,0.0,0.0,0.19172413793103446
Mexico,2020-03,3.267292,0.8709677419354839,0.5806451612903226,0.5161290322580645,0.5806451612903226,0.06451612903225806,0.12903225806451613,0.3225806451612903,1.7096774193548387,0.0,0.0,0.0,0.0,0.5161290322580645,0.0,1.0,236774193.5483871,0.0,19.923870967741934
Mexico,2020-04,4.7,3.0,3.0,2.0,3.0,1.0,2.0,2.0,3.0,0.0,0.0,166800000.0,0.0,2.0,0.8333333333333334,1.0,0.0,0.0,82.41
Mexico,2020-05,4.2,3.0,3.0,2.0,3.0,1.0,2.0,2.0,3.0,0.0,0.0,0.0,0.0,2.0,1.0,1.0,0.0,0.0,82.40999999999998
Mexico,2020-06,5.5,3.0,2.0,2.0,3.0,1.0,2.0,2.0,3.0,0.0,0.0,0.0,0.0,2.0,1.0,1.0,0.0,0.0,71.51199999999997
Netherlands,2020-01,3.0,0.0,0.0,0.0,0.0,0.0,0.0,0.0,0.0,0.0,0.0,0.0,0.0,0.0,0.16129032258064516,0.0,0.0,0.0,0.0
Netherlands,2020-02,2.9,0.0,0.0,0.0,0.0,0.0,0.0,0.0,0.0,0.0,0.0,0.0,0.0,0.0,1.0,0.20689655172413793,0.0,0.0,0.0
Netherlands,2020-03,2.9,1.6774193548387097,1.7419354838709677,1.4193548387096775,1.935483870967742,0.03225806451612903,1.1290322580645162,0.5483870967741935,1.2580645161290323,0.967741935483871,0.12903225806451613,354066095.2903226,0.0,1.4838709677419355,1.0,1.3548387096774193,0.0,0.0,44.264838709677406
Netherlands,2020-04,3.4,3.0,3.0,2.0,3.0,1.0,2.0,1.0,3.0,2.0,1.0,4061138.1,0.0,2.0,1.0,1.0,856720.1,0.0,79.63000000000007
Netherlands,2020-05,3.6,2.3225806451612905,2.3225806451612905,2.0,3.0,1.0,1.3225806451612903,1.0,3.0,2.0,1.0,490874175.16129035,0.0,2.0,1.0,1.0,0.0,0.0,72.10387096774193
Netherlands,2020-06,4.3,1.4666666666666666,2.0,2.0,3.0,0.0,1.0,1.0,3.0,2.0,1.0,121651.7,0.0,2.0,2.0,2.0,0.0,0.0,60.98666666666667
Netherlands,2020-07,4.5,1.0,2.0,0.0,2.0,0.0,1.0,0.0,3.0,2.0,1.0,0.0,0.0,2.0,2.0,2.0,0.0,0.0,39.80999999999997
Norway,2020-01,3.7,0.0,0.0,0.0,0.0,0.0,0.0,0.0,0.0,0.0,0.0,0.0,0.0,0.06451612903225806,0.0,0.0,0.0,0.0,0.3583870967741935
Norway,2020-02,3.5,0.0,0.0,0.0,0.0,0.0,0.0,0.0,0.0,0.0,0.0,0.0,0.0,2.0,0.13793103448275862,0.0,37274.137931034486,134186.89655172414,11.110000000000008
Norway,2020-03,3.6,1.935483870967742,1.3548387096774193,0.5161290322580645,1.8709677419354838,0.6451612903225806,0.0,1.032258064516129,2.2580645161290325,0.7741935483870968,1.2258064516129032,596038895.5806452,46416.087096774194,2.0,1.0,0.0,455337.0967741936,6141032.258064516,46.684193548387114
Norway,2020-04,4.1,2.6333333333333333,2.0,2.0,3.3333333333333335,1.0,0.0,1.6333333333333333,4.0,2.0,2.0,36084358.666666664,0.0,2.0,1.0,1.0,419412.6666666667,0.0,74.38133333333333
Norway,2020-05,4.6,0.6451612903225806,2.0,2.0,2.6774193548387095,0.41935483870967744,0.0,1.0,4.0,2.0,2.0,0.0,0.0,2.0,1.0,1.0,0.0,0.0,58.45193548387102
Norway,2020-06,5.2,0.0,1.0333333333333334,0.06666666666666667,2.466666666666667,0.0,0.0,1.0,3.466666666666667,2.0,2.0,0.0,0.0,2.0,1.9666666666666666,1.9666666666666666,0.0,0.0,37.344
Poland,2020-01,3.0,0.0,0.0,0.0,0.0,0.0,0.0,0.0,0.0,0.0,0.0,0.0,0.0,0.2903225806451613,0.0,0.0,0.0,0.0,1.614193548387097
Poland,2020-02,3.0,0.0,0.0,0.0,0.0,0.0,0.0,0.0,0.0,0.0,0.0,0.0,0.0,1.103448275862069,0.0,0.0,0.0,0.0,6.134137931034484
Poland,2020-03,3.0,1.935483870967742,1.1612903225806452,1.4193548387096775,0.12903225806451613,0.0,0.06451612903225806,0.6774193548387096,2.3870967741935485,0.45161290322580644,0.22580645161290322,1636783612.903226,0.0,2.0,0.3225806451612903,0.0,10866789.161290323,0.0,41.45870967741936
Poland,2020-04,3.1,3.0,2.0,2.0,4.0,0.7333333333333333,1.2666666666666666,2.0,4.0,1.0,1.0,946445589.3333334,0.0,2.0,1.0,0.0,0.0,0.0,82.83666666666663
Poland,2020-05,3.3,2.774193548387097,2.0,1.935483870967742,3.870967741935484,1.0,0.9354838709677419,2.0,4.0,1.0,1.0,3829725.806451613,0.0,2.0,1.0,0.0,0.0,0.0,81.53838709677419
Poland,2020-06,3.3,2.0,2.0,1.0,2.0,1.0,0.0,0.06666666666666667,3.466666666666667,1.0,1.0,0.0,0.0,2.0,1.9666666666666666,1.9333333333333333,0.0,16912034.0,52.593000000000025
Poland,2020-07,3.2,2.0,2.0,0.25806451612903225,2.0,0.25806451612903225,0.0,0.0,3.0,1.0,1.0,1077210.7419354839,0.0,2.0,2.0,2.0,0.0,0.0,42.67967741935481
Portugal,2020-01,6.8,0.0,0.0,0.0,0.0,0.0,0.0,0.0,0.0,0.0,0.0,0.0,0.0,0.3870967741935484,0.1935483870967742,0.3870967741935484,0.0,0.0,2.1503225806451614
Portugal,2020-02,6.4,0.0,0.0,0.0,0.0,0.0,0.0,0.0,0.0,0.0,0.0,0.0,0.0,2.0,1.0,2.0,0.0,0.0,11.110000000000008
Portugal,2020-03,6.2,2.0,1.7096774193548387,0.8387096774193549,1.6774193548387097,0.41935483870967744,0.8387096774193549,0.41935483870967744,2.129032258064516,0.6129032258064516,1.1290322580645162,335691612.9032258,0.0,2.0,1.1935483870967742,1.5483870967741935,0.0,0.0,47.432258064516134
Portugal,2020-04,6.3,3.0,3.0,2.0,4.0,1.0,2.0,1.1666666666666667,3.0,1.0,2.0,0.0,0.0,2.0,2.7,0.7,0.0,0.0,83.33500000000001
Portugal,2020-05,5.9,2.5483870967741935,2.096774193548387,2.0,4.0,1.0,1.096774193548387,1.096774193548387,3.0,1.0,1.5161290322580645,0.0,0.0,2.0,3.0,1.0,0.0,349026.77419354836,74.58322580645162
Portugal,2020-06,7.3,2.0,2.0,2.0,4.0,1.0,1.2,1.2,3.0,1.0,1.0,0.0,0.0,2.0,3.0,1.0,0.0,0.0,70.60500000000002
Portugal,2020-07,8.1,2.0,2.0,2.0,3.6774193548387095,1.0,2.0,1.7419354838709677,2.032258064516129,1.0,1.5161290322580645,0.0,0.0,2.0,3.0,1.0,0.0,0.0,68.2351612903226
Slovakia,2020-01,6.1,0.0,0.0,0.0,0.0,0.0,0.0,0.0,0.0,0.0,0.0,0.0,0.0,0.16129032258064516,1.0,2.0,0.0,0.0,0.4483870967741935
Slovakia,2020-02,6.1,0.0,0.0,0.0,0.0,0.0,0.0,0.0,0.0,0.0,0.0,0.0,0.0,1.0,1.0,2.0,0.0,0.0,2.7800000000000007
Slovakia,2020-03,5.8,2.129032258064516,1.2258064516129032,1.5483870967741935,1.935483870967742,0.5806451612903226,0.6451612903225806,0.5161290322580645,2.7096774193548385,0.1935483870967742,0.9032258064516129,71703225.80645162,0.0,1.903225806451613,1.0,2.0,0.0,0.0,52.36
Slovakia,2020-04,6.4,3.0,2.0,2.0,3.2,1.0,1.2,1.2,4.0,2.0,2.0,0.0,0.0,2.0,1.0,2.0,2054930.3,0.0,76.85300000000002
Slovakia,2020-05,6.5,3.0,2.0,2.0,3.0,1.0,1.0,1.0,4.0,2.0,2.0,0.0,0.0,2.0,1.0,2.0,0.0,0.0,73.15000000000005
Slovakia,2020-06,6.6,2.0,0.13333333333333333,0.13333333333333333,2.3,1.0,0.43333333333333335,1.0,2.7666666666666666,2.0,2.0,0.0,0.0,2.0,1.0,2.0,0.0,0.0,44.380666666666684
Slovakia,2020-07,6.8,2.0,0.0,0.0,2.0,0.8387096774193549,0.0,1.0,2.0,2.0,2.0,0.0,0.0,2.0,1.7419354838709677,2.0,0.0,0.0,37.51322580645163
Slovenia,2020-01,4.2,0.0,0.0,0.0,0.0,0.0,0.0,0.0,0.0,0.0,0.0,0.0,0.0,0.0,0.0,0.0,0.0,0.0,0.0
Slovenia,2020-02,4.2,0.0,0.0,0.0,0.0,0.0,0.0,0.0,0.0,0.0,0.0,0.0,0.0,0.0,0.0,0.0,0.0,0.0,0.0
Slovenia,2020-03,4.3,1.5483870967741935,1.1612903225806452,0.8387096774193549,2.4516129032258065,1.032258064516129,0.5806451612903226,0.12903225806451613,2.129032258064516,0.06451612903225806,0.8387096774193549,107276437.70967741,0.0,1.8064516129032258,1.8064516129032258,1.8064516129032258,0.0,34437.95225806451,46.05612903225807
Slovenia,2020-04,4.7,3.0,2.6333333333333333,2.0,4.0,2.0,1.0,1.9333333333333333,3.0,1.0,2.0,72379666.0,0.0,2.0,2.0,2.0,0.0,0.0,88.083
Slovenia,2020-05,4.8,2.5483870967741935,1.096774193548387,2.0,3.4193548387096775,0.6451612903225806,0.41935483870967744,0.0,2.4193548387096775,1.0,2.0,34437952.46935484,0.0,2.0,2.0,2.0,0.0,546428.5714285715,56.272580645161334
Slovenia,2020-06,4.8,0.13333333333333333,0.0,2.0,2.033333333333333,0.0,0.0,0.0,2.0,1.0,2.0,0.0,0.0,2.0,2.0,2.0,0.0,0.0,33.87033333333335
Slovenia,2020-07,4.7,0.0,0.7741935483870968,2.0,2.3870967741935485,0.0,0.0,0.0,2.0,1.0,1.6129032258064515,0.0,0.0,2.0,2.0,2.0,0.0,0.0,37.27451612903225
Sweden,2020-01,7.2,0.0,0.0,0.0,0.0,0.0,0.0,0.0,0.0,0.0,0.0,0.0,0.0,0.0,0.03225806451612903,0.06451612903225806,0.0,0.0,0.0
Sweden,2020-02,7.6,0.0,0.0,0.0,0.0,0.0,0.0,0.0,0.0,0.0,0.0,0.0,0.0,0.0,1.0,2.0,0.0,0.0,0.0
Sweden,2020-03,6.8,0.45161290322580644,0.22580645161290322,0.0,1.3870967741935485,0.0,0.0,0.0,1.2580645161290323,1.3548387096774193,0.5161290322580645,262117451.61290324,137193.5483870968,1.4838709677419355,1.0,1.7096774193548387,224182.83870967742,0.0,18.10096774193548
Sweden,2020-04,7.9,1.0,1.0,1.0,3.0,0.0,0.0,0.9,3.0,2.0,1.0,494666.6666666667,0.0,2.0,1.0,1.0,0.001,330000.0,45.74399999999998
Sweden,2020-05,8.5,1.0,1.0,1.0,3.0,0.0,0.0,1.0,3.0,2.0,1.0,0.0,1290322.5806451612,2.0,1.0,1.0,0.0,0.0,46.299999999999976
Sweden,2020-06,9.2,1.0,1.0,1.0,3.0,0.0,0.0,0.4,3.0,2.0,1.0,333333.3333333333,0.0,2.0,1.9,1.0,21400000.0,0.0,41.977333333333355
Sweden,2020-07,9.2,0.967741935483871,1.0,1.0,3.0,0.0,0.0,0.0,3.0,2.0,1.0,377033.7322580645,0.0,2.0,2.0,1.0,0.0,0.0,38.83032258064516
Turkey,2020-01,12.6,0.0,0.0,0.0,0.0,0.0,0.0,0.0,0.25806451612903225,0.0,0.0,0.0,0.0,0.0,1.1612903225806452,0.5806451612903226,0.0,0.0,0.7174193548387098
Turkey,2020-02,12.6,0.0,0.0,0.0,0.0,0.0,0.0,0.0,2.7241379310344827,0.0,0.0,0.0,0.0,1.5862068965517242,2.0,1.0,0.0,0.0,16.375862068965517
Turkey,2020-03,12.9,1.5483870967741935,1.032258064516129,1.032258064516129,0.0,0.25806451612903225,1.096774193548387,0.5806451612903226,3.161290322580645,0.0,0.0,497829293.41935486,0.0,2.0,2.0,1.0,0.0,0.0,43.90645161290324
Turkey,2020-04,13.6,3.0,2.0,2.0,0.0,1.0,2.1333333333333333,2.0,4.0,1.6,0.6333333333333333,0.0,0.0,2.0,2.0,1.4,0.0,0.0,76.17666666666668
Turkey,2020-05,14.0,3.0,2.0,2.0,0.0,1.0,2.0,2.0,4.0,2.0,1.0,0.0,0.0,2.0,2.0,2.0,0.0,0.0,75.93
United States,2020-01,3.6,0.0,0.0,0.0,0.0,0.0,0.0,0.0,0.0,0.0,0.0,0.0,0.0,0.0,0.0,0.3548387096774194,0.0,0.0,0.0
United States,2020-02,3.5,0.0,0.0,0.0,0.0,0.0,0.0,0.0,1.9310344827586208,0.0,0.0,0.0,3448275.8620689656,0.0,0.06896551724137931,1.0,0.0,0.0,5.368275862068967
United States,2020-03,4.4,2.6129032258064515,1.2580645161290323,1.6451612903225807,2.032258064516129,0.4838709677419355,1.096774193548387,1.0,2.967741935483871,0.3225806451612903,0.16129032258064516,69393548387.09677,50774193.548387095,1.032258064516129,2.4838709677419355,1.0,9888967741.935484,26645161.29032258,45.77451612903228
United States,2020-04,14.7,3.0,3.0,2.0,4.0,1.0,2.0,2.0,3.0,2.0,1.0,12800000000.0,16500000.0,2.0,3.0,1.0,3333333333.3333335,0.0,72.69000000000004
United States,2020-05,13.3,3.0,3.0,2.0,4.0,1.0,2.0,2.0,3.0,2.0,1.0,0.0,0.0,2.0,3.0,1.0,0.0,38709677.41935484,72.69000000000004
United States,2020-06,11.1,3.0,2.466666666666667,2.0,4.0,1.0,2.0,2.0,3.0,2.0,1.0,0.0,0.0,2.0,3.0,1.0,0.0,0.0,70.71133333333336
United States,2020-07,10.2,3.0,2.0,2.0,4.0,1.0,2.0,2.0,3.0,2.0,1.0,0.0,62903.22580645161,2.0,3.0,1.0,0.0,134066666.66666667,68.98
